<dune_plugin>
  <name>CurrentTimeTV</name>
  <caption>Настоящее Время</caption>
  <auto_resume>
    <enable>yes</enable>
  </auto_resume>
  <entry_points>
    <entry_point>
      <parent_media_url>root://tv</parent_media_url>
      <media_url>curent_time_tv_channel_list</media_url>
      <caption>Настоящее Время</caption>
      <icon_url>plugin_file://logo/logo.png</icon_url>
      <badge_icon_url>plugin_file://logo/badge.png</badge_icon_url>
      <actions>
        <key_enter>
          <type>plugin_open_folder</type>
        </key_enter>
        <key_play>
          <type>plugin_tv_play</type>
        </key_play>
      </actions>
      <ip_address_required>yes</ip_address_required>
      <show_cookie_name>show_application</show_cookie_name>
      <show_by_default>yes</show_by_default>
    </entry_point>
	  <entry_point>
      <parent_media_url>setup://applications</parent_media_url>
      <media_url>setup</media_url>
      <caption>Настоящее Время</caption>
		  <icon_url>plugin_file://logo/logo.png</icon_url>
		  <badge_icon_url>plugin_file://logo/badge.png</badge_icon_url>
      <actions>
        <key_enter>
          <type>plugin_open_folder</type>
        </key_enter>
      </actions>
    </entry_point>
  </entry_points>
  <type>php</type>
  <params>
    <program>curent_time_plugin.php</program>
  </params>
  <version_index>6</version_index>
  <version>0.1.3 (13.08.18)</version>
  <check_update>
    <schema>1</schema>
    <url>http://dune-club.info/plugins/update/CurrentTimeTV/update.txt</url>
    <timeout>0</timeout>
  </check_update>
</dune_plugin>
